{
  "(0.3409826159477234, 0.3778635263442993)": 279,
  "(0.3778635263442993, 0.41474443674087524)": 1969,
  "(0.41474443674087524, 0.45162537693977356)": 4131,
  "(0.45162537693977356, 0.4885062873363495)": 5561,
  "(0.4885062873363495, 0.525387167930603)": 11145,
  "(0.525387167930603, 0.5622681379318237)": 10601,
  "(0.5622681379318237, 0.5991490483283997)": 1771,
  "(0.5991490483283997, 0.6360299587249756)": 231,
  "(0.6360299587249756, 0.6729108691215515)": 36,
  "(0.6729108691215515, 0.7097917795181274)": 7
}